mh_2;mh_1;d;err;phhinit;md_0;md_1;pdhinit;time;vh_1;vd_1;vd_0;rdd;pdh;rhd;rhh;f_1;f_0;phh;vh_2;file
1.275;0.75;1;0.02;0.6;0.875;1;0.1;1602;1.09032;0.942933;1.01331;0;0.224159;0;0;0.524441;0.339334;0.65938;0.855766;iters//iter_freqdep_18_8_2017_214737_630775478
1.275;0.75;0.5;0.02;0.7;0.875;1;0.2;11590;1.08202;0.938044;1.0187;0.132996;0.999044;0.342363;0.130125;0.644817;0.183905;0.0001;0.936741;iters//iter_freqdep_18_8_2017_214754_348580284
1.275;0.75;0.1;0.02;0.6;0.875;1;0.6;119166;1.07634;0.932294;1.00715;0.541153;0.999944;0.629985;0.540034;0.695786;0.157155;0.00640419;0.990671;iters//iter_freqdep_18_8_2017_214840_118641087
1.275;0.75;0.5;0.02;0.4;0.875;1;0.2;10320;1.07309;0.930303;1.01029;0.132995;0.999047;0.342363;0.130125;0.644817;0.183904;0.0001;0.929009;iters//iter_freqdep_18_8_2017_214750_858616298
1.275;0.75;0.5;0.02;0.2;0.875;1;0.4;8682;1.07476;0.931749;1.01186;0.132998;0.999038;0.342362;0.130125;0.644816;0.183907;0.0001;0.930454;iters//iter_freqdep_18_8_2017_214815_16148973
1.275;0.75;0.5;0.02;0.9;0.875;1;0.4;10582;1.15525;1.00153;1.08764;0.132997;0.99904;0.342362;0.130125;0.644817;0.183907;0.0001;1.00014;iters//iter_freqdep_18_8_2017_214822_332630295
1.275;0.75;0.1;0.02;0.5;0.875;1;0.99;114023;1.07744;0.933247;1.00818;0.541153;0.999944;0.629984;0.540034;0.695785;0.157155;0.00640743;0.991683;iters//iter_freqdep_18_8_2017_214919_399957667
1.275;0.75;0.5;0.02;0.3;0.875;1;0.7;7072;1.08572;0.941257;1.02219;0.132998;0.999035;0.342362;0.130125;0.644816;0.183908;0.0001;0.939949;iters//iter_freqdep_18_8_2017_214848_575010463
1.275;0.75;0.5;0.02;0.2;0.875;1;0.5;8174;1.07704;0.933725;1.01401;0.132997;0.999039;0.342363;0.130125;0.644817;0.183907;0.0001;0.932427;iters//iter_freqdep_18_8_2017_214826_291598251
1.275;0.75;1;0.02;0.5;0.875;1;0.01;2226;1.11804;0.966907;1.03907;0;0.270315;0;0;0.524439;0.339341;0.590274;0.877523;iters//iter_freqdep_18_8_2017_214722_114178333
1.275;0.75;0.5;0.02;0.6;0.875;1;0.3;10807;1.08333;0.939178;1.01993;0.133001;0.999027;0.342362;0.130124;0.644816;0.18391;0.0001;0.937873;iters//iter_freqdep_18_8_2017_214807_420257770
1.275;0.75;0.1;0.02;0.9;0.875;1;0.1;126284;1.07559;0.931641;1.00644;0.541153;0.999944;0.629984;0.540034;0.695785;0.157155;0.00640785;0.989977;iters//iter_freqdep_18_8_2017_214740_193492196
1.275;0.75;0.5;0.02;0.6;0.875;1;0.99;4206;1.11303;0.964927;1.04789;0.132998;0.999036;0.342362;0.130125;0.644816;0.183908;0.0001;0.963586;iters//iter_freqdep_18_8_2017_214921_49836347
1.275;0.75;0.1;0.02;0.9;0.875;1;0.99;118369;1.09013;0.944243;1.02006;0.541156;0.999944;0.629988;0.540033;0.695788;0.15716;0.00637791;1.00337;iters//iter_freqdep_18_8_2017_214923_282492352
1.275;0.75;0.5;0.02;0.7;0.875;1;0.4;10588;1.09989;0.953535;1.03552;0.132997;0.999039;0.342362;0.130125;0.644817;0.183907;0.0001;0.95221;iters//iter_freqdep_18_8_2017_214819_975045686
1.275;0.75;0.5;0.02;0.8;0.875;1;0.8;7813;1.13752;0.986165;1.07096;0.132995;0.999047;0.342363;0.130125;0.644817;0.183905;0.0001;0.984794;iters//iter_freqdep_18_8_2017_214903_742261962
1.275;0.75;0.1;0.02;0.99;0.875;1;0.8;118721;1.09918;0.952077;1.02852;0.541157;0.999945;0.629989;0.540032;0.695789;0.157162;0.00636561;1.01169;iters//iter_freqdep_18_8_2017_214905_127369883
1.275;0.75;0.1;0.02;0.3;0.875;1;0.4;113834;1.07165;0.928234;1.00276;0.541152;0.999944;0.629983;0.540034;0.695784;0.157153;0.00641831;0.986356;iters//iter_freqdep_18_8_2017_214815_193456666
1.275;0.75;0.1;0.02;0.01;0.875;1;0.1;94322;1.07155;0.928145;1.00267;0.541152;0.999944;0.629984;0.540034;0.695785;0.157154;0.00641301;0.986263;iters//iter_freqdep_18_8_2017_214729_419026076
1.275;0.75;0.5;0.02;0.1;0.875;1;0.6;7202;1.07734;0.933986;1.01429;0.132999;0.999033;0.342362;0.130125;0.644816;0.183908;0.0001;0.932688;iters//iter_freqdep_18_8_2017_214836_413499952
1.275;0.75;1;0.02;0.3;0.875;1;0.3;4426;1.08795;0.940886;1.01111;0;0.419709;0;0;0.524432;0.339358;0.366583;0.853906;iters//iter_freqdep_18_8_2017_214804_212800135
1.275;0.75;0.1;0.02;0.6;0.875;1;0.2;123250;1.07079;0.927484;1.00195;0.541152;0.999944;0.629983;0.540034;0.695785;0.157153;0.00641619;0.98556;iters//iter_freqdep_18_8_2017_214752_299608094
1.275;0.75;0.1;0.02;0.3;0.875;1;0.01;116915;1.0718;0.928362;1.0029;0.541152;0.999944;0.629983;0.540034;0.695785;0.157153;0.00641757;0.986493;iters//iter_freqdep_18_8_2017_214718_327411597
1.275;0.75;1;0.02;0.99;0.875;1;0.3;740;1.45363;1.25717;1.351;0;0.151472;0;0;0.524436;0.339353;0.76813;1.14092;iters//iter_freqdep_18_8_2017_214812_343656432
1.275;0.75;0.1;0.02;0.3;0.875;1;0.7;109344;1.07353;0.929864;1.00452;0.541152;0.999944;0.629984;0.540034;0.695785;0.157154;0.00641185;0.988089;iters//iter_freqdep_18_8_2017_214847_862043628
1.275;0.75;0.5;0.02;0.3;0.875;1;0.99;1987;1.09271;0.947311;1.02876;0.132996;0.999043;0.342363;0.130125;0.644817;0.183906;0.0001;0.945994;iters//iter_freqdep_18_8_2017_214918_401605652
1.275;0.75;0.5;0.02;0.5;0.875;1;0.8;6902;1.09921;0.952949;1.03488;0.132997;0.99904;0.342363;0.130125;0.644817;0.183906;0.0001;0.951624;iters//iter_freqdep_18_8_2017_214900_734953143
1.275;0.75;0.1;0.02;0.5;0.875;1;0.6;117371;1.07464;0.930823;1.00556;0.541153;0.999944;0.629984;0.540034;0.695785;0.157154;0.0064086;0.989108;iters//iter_freqdep_18_8_2017_214839_156594360
1.275;0.75;0.1;0.02;0.3;0.875;1;0.1;116696;1.0708;0.927497;1.00197;0.541152;0.999944;0.629983;0.540034;0.695785;0.157153;0.00641421;0.985574;iters//iter_freqdep_18_8_2017_214732_872136831
1.275;0.75;0.5;0.02;0.3;0.875;1;0.3;9518;1.07397;0.931068;1.01112;0.133;0.999028;0.342362;0.130124;0.644816;0.18391;0.0001;0.929774;iters//iter_freqdep_18_8_2017_214804_50436732
1.275;0.75;0.1;0.02;0.6;0.875;1;0.99;116082;1.07919;0.934766;1.00982;0.541154;0.999944;0.629985;0.540033;0.695786;0.157156;0.00639884;0.993298;iters//iter_freqdep_18_8_2017_214920_299815652
1.275;0.75;1;0.02;0.5;0.875;1;0.9;8295;1.14526;0.990474;1.0644;0;0.565032;0;0;0.524454;0.339307;0.149122;0.898884;iters//iter_freqdep_18_8_2017_214910_609219230
1.275;0.75;1;0.02;0.8;0.875;1;0.01;458;1.15413;0.998116;1.07261;0;0.104476;0;0;0.524446;0.339322;0.838558;0.905848;iters//iter_freqdep_18_8_2017_214726_246288939
1.275;0.75;0.1;0.02;0.2;0.875;1;0.2;111379;1.07088;0.927561;1.00204;0.541152;0.999944;0.629983;0.540034;0.695784;0.157153;0.00641823;0.985642;iters//iter_freqdep_18_8_2017_214747_780084015
1.275;0.75;1;0.02;0.6;0.875;1;0.3;1854;1.10169;0.952801;1.02391;0;0.275383;0;0;0.524439;0.339345;0.582633;0.86469;iters//iter_freqdep_18_8_2017_214807_564439370
1.275;0.75;0.5;0.02;0.9;0.875;1;0.2;11753;1.12911;0.978873;1.06304;0.132999;0.999034;0.342362;0.130125;0.644816;0.183908;0.0001;0.977512;iters//iter_freqdep_18_8_2017_214756_627030380
1.275;0.75;0.1;0.02;0.5;0.875;1;0.5;118551;1.07369;0.929995;1.00467;0.541152;0.999944;0.629983;0.540034;0.695785;0.157154;0.00641331;0.988228;iters//iter_freqdep_18_8_2017_214828_286506090
1.275;0.75;0.1;0.02;0.99;0.875;1;0.1;122870;1.11619;0.966816;1.04444;0.541161;0.999945;0.629993;0.54003;0.695792;0.157168;0.00633033;1.02735;iters//iter_freqdep_18_8_2017_214741_457360662
1.275;0.75;0.1;0.02;0.01;0.875;1;0.6;74223;1.07194;0.928481;1.00303;0.541152;0.999944;0.629983;0.540034;0.695785;0.157153;0.00641487;0.986619;iters//iter_freqdep_18_8_2017_214835_91736693
1.275;0.75;0.1;0.02;0.8;0.875;1;0.6;120955;1.08306;0.938111;1.01343;0.541155;0.999944;0.629986;0.540033;0.695787;0.157158;0.00639037;0.996853;iters//iter_freqdep_18_8_2017_214842_182057100
1.275;0.75;0.5;0.02;0.4;0.875;1;0.5;9005;1.08324;0.939107;1.01985;0.132996;0.999043;0.342363;0.130125;0.644817;0.183906;0.0001;0.937802;iters//iter_freqdep_18_8_2017_214828_129903292
1.275;0.75;1;0.02;0.2;0.875;1;0.4;5604;1.09031;0.94293;1.01331;0;0.493929;0;0;0.524428;0.339368;0.255435;0.85576;iters//iter_freqdep_18_8_2017_214815_141897022
1.275;0.75;0.5;0.02;0.4;0.875;1;0.6;8350;1.08686;0.942244;1.02326;0.132996;0.999045;0.342363;0.130125;0.644817;0.183905;0.0001;0.940934;iters//iter_freqdep_18_8_2017_214838_979309531
1.275;0.75;1;0.02;0.9;0.875;1;0.5;2219;1.23932;1.07183;1.15183;0;0.270151;0;0;0.52444;0.339344;0.590467;0.972714;iters//iter_freqdep_18_8_2017_214833_722770456
1.275;0.75;1;0.02;0.1;0.875;1;0.4;6924;1.08809;0.941012;1.01124;0;0.543808;0;0;0.524425;0.339376;0.180729;0.854018;iters//iter_freqdep_18_8_2017_214814_147225455
1.275;0.75;1;0.02;0.3;0.875;1;0.8;8424;1.11908;0.967833;1.04007;0;0.586891;0;0;0.524456;0.339303;0.116415;0.878336;iters//iter_freqdep_18_8_2017_214859_24841957
1.275;0.75;1;0.02;0.7;0.875;1;0.4;2263;1.12999;0.977274;1.05021;0;0.273339;0;0;0.52444;0.339345;0.585693;0.8869;iters//iter_freqdep_18_8_2017_214820_146456685
1.275;0.75;0.5;0.02;0.4;0.875;1;0.3;9978;1.07563;0.932508;1.01269;0.132996;0.999044;0.342363;0.130125;0.644817;0.183905;0.0001;0.931212;iters//iter_freqdep_18_8_2017_214805_172456115
1.275;0.75;0.5;0.02;0.7;0.875;1;0.8;7625;1.11988;0.970869;1.05434;0.132995;0.999048;0.342363;0.130125;0.644817;0.183904;0.0001;0.969519;iters//iter_freqdep_18_8_2017_214902_690143095
1.275;0.75;0.5;0.02;0.7;0.875;1;0.1;11956;1.07421;0.931279;1.01135;0.132998;0.999037;0.342362;0.130125;0.644816;0.183907;0.0001;0.929985;iters//iter_freqdep_18_8_2017_214738_671224375
1.275;0.75;0.5;0.02;0.01;0.875;1;0.01;9026;1.07702;0.93371;1.01399;0.133001;0.999026;0.342362;0.130124;0.644815;0.18391;0.0001;0.932412;iters//iter_freqdep_18_8_2017_214715_579072950
1.275;0.75;1;0.02;0.5;0.875;1;0.8;7056;1.13833;0.98448;1.05796;0;0.518138;0;0;0.524451;0.339315;0.219295;0.893443;iters//iter_freqdep_18_8_2017_214900_839335315
1.275;0.75;1;0.02;0.8;0.875;1;0.99;7790;1.21695;1.05247;1.13102;0;0.547515;0;0;0.524452;0.339312;0.17533;0.955149;iters//iter_freqdep_18_8_2017_214923_163608770
1.275;0.75;0.1;0.02;0.4;0.875;1;0.2;119204;1.07058;0.927303;1.00176;0.541152;0.999944;0.629983;0.540034;0.695784;0.157153;0.00641905;0.985367;iters//iter_freqdep_18_8_2017_214749_995750469
1.275;0.75;1;0.02;0.4;0.875;1;0.7;6552;1.12041;0.968981;1.0413;0;0.508418;0;0;0.524451;0.339316;0.233842;0.879377;iters//iter_freqdep_18_8_2017_214849_617222082
1.275;0.75;0.1;0.02;0.2;0.875;1;0.7;102996;1.07298;0.929383;1.004;0.541153;0.999944;0.629984;0.540034;0.695785;0.157154;0.00640974;0.987578;iters//iter_freqdep_18_8_2017_214847_10955449
1.275;0.75;0.1;0.02;0.8;0.875;1;0.4;123136;1.0803;0.935723;1.01085;0.541154;0.999944;0.629986;0.540033;0.695787;0.157157;0.00639426;0.994314;iters//iter_freqdep_18_8_2017_214820_232447424
1.275;0.75;1;0.02;0.99;0.875;1;0.9;5825;1.33312;1.15295;1.239;0;0.483646;0;0;0.524449;0.339322;0.270907;1.04633;iters//iter_freqdep_18_8_2017_214915_924638522
1.275;0.75;0.5;0.02;0.01;0.875;1;0.8;4956;1.07954;0.935894;1.01636;0.132996;0.999042;0.342363;0.130125;0.644817;0.183906;0.0001;0.934593;iters//iter_freqdep_18_8_2017_214856_559456088
1.275;0.75;0.1;0.02;0.8;0.875;1;0.01;126915;1.06513;0.922581;0.996657;0.541151;0.999943;0.629982;0.540035;0.695784;0.157151;0.0064286;0.98035;iters//iter_freqdep_18_8_2017_214724_955811009
1.275;0.75;0.5;0.02;0.8;0.875;1;0.9;6607;1.13949;0.987869;1.07281;0.132998;0.999037;0.342362;0.130125;0.644816;0.183908;0.0001;0.986496;iters//iter_freqdep_18_8_2017_214913_516006138
1.275;0.75;0.1;0.02;0.9;0.875;1;0.6;120975;1.09021;0.944307;1.02013;0.541156;0.999944;0.629988;0.540032;0.695788;0.15716;0.00637672;1.00344;iters//iter_freqdep_18_8_2017_214843_304225813
1.275;0.75;0.5;0.02;0.8;0.875;1;0.99;5087;1.14082;0.98902;1.07406;0.133001;0.999028;0.342362;0.130124;0.644815;0.18391;0.0001;0.987646;iters//iter_freqdep_18_8_2017_214923_52330028
1.275;0.75;0.1;0.02;0.6;0.875;1;0.5;120336;1.07515;0.931264;1.00604;0.541153;0.999944;0.629984;0.540034;0.695786;0.157155;0.00640521;0.989576;iters//iter_freqdep_18_8_2017_214829_316928986
1.275;0.75;0.1;0.02;0.9;0.875;1;0.5;121935;1.08979;0.943944;1.01973;0.541156;0.999944;0.629987;0.540033;0.695788;0.157159;0.00638197;1.00305;iters//iter_freqdep_18_8_2017_214832_642966827
1.275;0.75;0.1;0.02;0.9;0.875;1;0.01;128093;1.0609;0.918916;0.992698;0.54115;0.999943;0.62998;0.540035;0.695783;0.157149;0.00643986;0.976456;iters//iter_freqdep_18_8_2017_214726_329377765
1.275;0.75;1;0.02;0.99;0.875;1;0.01;21;1.10876;0.958914;1.03048;0;0.00544566;0;0;0.524427;0.339378;0.986743;0.870235;iters//iter_freqdep_18_8_2017_214729_346911063
1.275;0.75;1;0.02;0.7;0.875;1;0.3;1636;1.11411;0.96354;1.03545;0;0.232744;0;0;0.524437;0.33935;0.646459;0.874436;iters//iter_freqdep_18_8_2017_214808_652789556
1.275;0.75;1;0.02;0.1;0.875;1;0.7;8049;1.10259;0.953565;1.02473;0;0.631019;0;0;0.524459;0.339295;0.0503908;0.865388;iters//iter_freqdep_18_8_2017_214846_967316958
1.275;0.75;1;0.02;0.8;0.875;1;0.4;1873;1.15968;1.00295;1.0778;0;0.241137;0;0;0.524438;0.339348;0.633897;0.910201;iters//iter_freqdep_18_8_2017_214821_300983830
1.275;0.75;0.5;0.02;0.01;0.875;1;0.5;7701;1.07413;0.931207;1.01127;0.133001;0.999025;0.342362;0.130124;0.644815;0.18391;0.0001;0.929913;iters//iter_freqdep_18_8_2017_214824_540052812
1.275;0.75;1;0.02;0.7;0.875;1;0.99;8291;1.18754;1.02704;1.10369;0;0.563162;0;0;0.524453;0.339309;0.151916;0.932066;iters//iter_freqdep_18_8_2017_214922_127210519
1.275;0.75;0.5;0.02;0.8;0.875;1;0.2;11825;1.09465;0.948992;1.03059;0.133;0.99903;0.342362;0.130125;0.644816;0.183909;0.0001;0.947673;iters//iter_freqdep_18_8_2017_214755_433847964
1.275;0.75;0.1;0.02;0.99;0.875;1;0.99;118189;1.09717;0.950339;1.02664;0.541158;0.999945;0.629989;0.540032;0.695789;0.157162;0.00636286;1.00985;iters//iter_freqdep_18_8_2017_214924_372394303
1.275;0.75;0.5;0.02;0.2;0.875;1;0.99;1270;1.08869;0.943862;1.02502;0.132708;0.999971;0.342348;0.130384;0.644845;0.183469;0.000843036;0.942504;iters//iter_freqdep_18_8_2017_214917_605781342
1.275;0.75;0.1;0.02;0.1;0.875;1;0.9;85609;1.07342;0.929768;1.00442;0.541152;0.999944;0.629983;0.540034;0.695785;0.157153;0.00641507;0.987987;iters//iter_freqdep_18_8_2017_214906_636600382
1.275;0.75;1;0.02;0.1;0.875;1;0.99;15944;1.11689;0.96594;1.03803;0;0.664652;0;0;0.524461;0.339289;6.91252e-05;0.876619;iters//iter_freqdep_18_8_2017_214916_888314826
1.275;0.75;0.5;0.02;0.6;0.875;1;0.1;11515;1.0734;0.930569;1.01058;0.133001;0.999025;0.342361;0.130124;0.644815;0.18391;0.0001;0.929276;iters//iter_freqdep_18_8_2017_214737_410511696
1.275;0.75;0.5;0.02;0.01;0.875;1;0.4;8167;1.07268;0.929952;1.00991;0.132997;0.999041;0.342363;0.130125;0.644817;0.183906;0.0001;0.928659;iters//iter_freqdep_18_8_2017_214813_91162568
1.275;0.75;1;0.02;0.1;0.875;1;0.9;14478;1.11258;0.962204;1.03402;0;0.664697;0;0;0.524461;0.339289;2.48933e-06;0.873228;iters//iter_freqdep_18_8_2017_214907_242532777
1.275;0.75;0.1;0.02;0.9;0.875;1;0.9;118593;1.09022;0.944321;1.02014;0.541156;0.999944;0.629988;0.540032;0.695788;0.15716;0.00637561;1.00345;iters//iter_freqdep_18_8_2017_214913_768134819
1.275;0.75;0.5;0.02;0.8;0.875;1;0.7;8728;1.13468;0.983696;1.06827;0.132997;0.999041;0.342363;0.130125;0.644817;0.183907;0.0001;0.982329;iters//iter_freqdep_18_8_2017_214853_580868047
1.275;0.75;1;0.02;0.9;0.875;1;0.3;998;1.19986;1.0377;1.11515;0;0.16588;0;0;0.524435;0.339356;0.746556;0.941742;iters//iter_freqdep_18_8_2017_214811_41805368
1.275;0.75;1;0.02;0.7;0.875;1;0.9;7099;1.18207;1.02231;1.09861;0;0.516172;0;0;0.524451;0.339316;0.222235;0.927778;iters//iter_freqdep_18_8_2017_214912_591373655
1.275;0.75;1;0.02;0.4;0.875;1;0.6;5458;1.11304;0.962611;1.03446;0;0.468368;0;0;0.524448;0.339322;0.293777;0.873595;iters//iter_freqdep_18_8_2017_214839_88684473
1.275;0.75;0.1;0.02;0.8;0.875;1;0.99;118101;1.08504;0.939827;1.01529;0.541155;0.999944;0.629986;0.540033;0.695787;0.157158;0.00638905;0.998675;iters//iter_freqdep_18_8_2017_214922_243363467
1.275;0.75;1;0.02;0.8;0.875;1;0.2;833;1.11444;0.963833;1.03577;0;0.154241;0;0;0.524434;0.339359;0.763978;0.8747;iters//iter_freqdep_18_8_2017_214755_638387423
1.275;0.75;0.1;0.02;0.99;0.875;1;0.01;123991;1.11259;0.963699;1.04107;0.54116;0.999945;0.629992;0.540031;0.695792;0.157167;0.00633843;1.02404;iters//iter_freqdep_18_8_2017_214727_709413779
1.275;0.75;0.5;0.02;0.1;0.875;1;0.7;6327;1.07947;0.93584;1.0163;0.132996;0.999042;0.342363;0.130125;0.644817;0.183906;0.0001;0.934539;iters//iter_freqdep_18_8_2017_214846_891104712
1.275;0.75;0.1;0.02;0.7;0.875;1;0.4;122506;1.07605;0.932047;1.00688;0.541153;0.999944;0.629984;0.540034;0.695785;0.157154;0.00640887;0.990409;iters//iter_freqdep_18_8_2017_214819_122595371
1.275;0.75;0.1;0.02;0.2;0.875;1;0.01;112490;1.07213;0.928647;1.00321;0.541152;0.999944;0.629983;0.540034;0.695785;0.157153;0.00641523;0.986796;iters//iter_freqdep_18_8_2017_214717_108247332
1.275;0.75;1;0.02;0.3;0.875;1;0.1;4182;1.08773;0.940694;1.0109;0;0.386448;0;0;0.524434;0.339354;0.416387;0.853733;iters//iter_freqdep_18_8_2017_214733_947272270
1.275;0.75;1;0.02;0.8;0.875;1;0.9;6608;1.21267;1.04878;1.12705;0;0.499053;0;0;0.52445;0.339318;0.247853;0.951794;iters//iter_freqdep_18_8_2017_214913_650021461
1.275;0.75;1;0.02;0.4;0.875;1;0.8;7723;1.12735;0.974981;1.04775;0;0.550929;0;0;0.524453;0.339309;0.170227;0.884823;iters//iter_freqdep_18_8_2017_214859_902624398
1.275;0.75;0.5;0.02;0.5;0.875;1;0.99;3554;1.10434;0.9574;1.03972;0.132995;0.999048;0.342363;0.130125;0.644817;0.183904;0.0001;0.956069;iters//iter_freqdep_18_8_2017_214920_122104387
1.275;0.75;0.5;0.02;0.7;0.875;1;0.3;11115;1.09176;0.94649;1.02787;0.132997;0.999042;0.342363;0.130125;0.644817;0.183906;0.0001;0.945174;iters//iter_freqdep_18_8_2017_214808_478225852
1.275;0.75;0.1;0.02;0.8;0.875;1;0.2;125197;1.07441;0.930627;1.00535;0.541153;0.999944;0.629984;0.540034;0.695786;0.157155;0.00640619;0.988899;iters//iter_freqdep_18_8_2017_214754_535002476
1.275;0.75;0.5;0.02;0.5;0.875;1;0.1;11042;1.07325;0.930444;1.01044;0.132996;0.999045;0.342363;0.130125;0.644817;0.183905;0.0001;0.929151;iters//iter_freqdep_18_8_2017_214736_175469352
1.275;0.75;0.5;0.02;0.9;0.875;1;0.8;7837;1.16522;1.01018;1.09703;0.132996;0.999044;0.342363;0.130125;0.644817;0.183906;0.0001;1.00877;iters//iter_freqdep_18_8_2017_214904_843856406
1.275;0.75;1;0.02;0.5;0.875;1;0.99;9515;1.15095;0.99539;1.06968;0;0.608411;0;0;0.524457;0.3393;0.0842121;0.903346;iters//iter_freqdep_18_8_2017_214920_197786128
1.275;0.75;0.5;0.02;0.8;0.875;1;0.5;10123;1.12529;0.975563;1.05944;0.132997;0.999041;0.342363;0.130125;0.644817;0.183906;0.0001;0.974206;iters//iter_freqdep_18_8_2017_214832_312636618
1.275;0.75;0.1;0.02;0.1;0.875;1;0.4;100543;1.07136;0.927981;1.00249;0.541152;0.999944;0.629983;0.540034;0.695785;0.157153;0.00641417;0.986088;iters//iter_freqdep_18_8_2017_214813_301845410
1.275;0.75;0.1;0.02;0.9;0.875;1;0.8;119152;1.09034;0.944418;1.02025;0.541156;0.999944;0.629988;0.540033;0.695788;0.15716;0.00637779;1.00355;iters//iter_freqdep_18_8_2017_214904_9030019
1.275;0.75;1;0.02;0.5;0.875;1;0.5;3958;1.11336;0.962893;1.03476;0;0.389815;0;0;0.524445;0.339332;0.411346;0.87385;iters//iter_freqdep_18_8_2017_214829_255250917
1.275;0.75;0.5;0.02;0.01;0.875;1;0.9;3088;1.08141;0.937519;1.01813;0.132999;0.999034;0.342362;0.130125;0.644816;0.183908;0.0001;0.936215;iters//iter_freqdep_18_8_2017_214906_531303283
1.275;0.75;0.1;0.02;0.4;0.875;1;0.8;112237;1.07501;0.931142;1.0059;0.541153;0.999944;0.629984;0.540034;0.695785;0.157154;0.00640958;0.989447;iters//iter_freqdep_18_8_2017_214859_99384986
1.275;0.75;0.1;0.02;0.7;0.875;1;0.5;121435;1.07769;0.933467;1.00842;0.541153;0.999944;0.629985;0.540034;0.695786;0.157155;0.00640317;0.991918;iters//iter_freqdep_18_8_2017_214830_368486284
1.275;0.75;0.1;0.02;0.1;0.875;1;0.1;105240;1.07138;0.927994;1.0025;0.541152;0.999944;0.629984;0.540034;0.695785;0.157154;0.00641278;0.986102;iters//iter_freqdep_18_8_2017_214730_552125425
1.275;0.75;0.1;0.02;0.5;0.875;1;0.7;116198;1.07553;0.931589;1.00639;0.541153;0.999944;0.629985;0.540034;0.695786;0.157155;0.00640463;0.989922;iters//iter_freqdep_18_8_2017_214849_689746307
1.275;0.75;1;0.02;0.1;0.875;1;0.1;6553;1.08508;0.938401;1.00844;0;0.496223;0;0;0.524428;0.339369;0.251997;0.851649;iters//iter_freqdep_18_8_2017_214731_549374016
1.275;0.75;1;0.02;0.1;0.875;1;0.6;3023;1.09746;0.94913;1.01997;0;0.598523;0;0;0.524457;0.339301;0.0990119;0.861362;iters//iter_freqdep_18_8_2017_214836_504634878
1.275;0.75;0.1;0.02;0.01;0.875;1;0.7;64831;1.0723;0.928797;1.00337;0.541153;0.999944;0.629984;0.540034;0.695785;0.157154;0.00641095;0.986955;iters//iter_freqdep_18_8_2017_214845_715210406
1.275;0.75;1;0.02;0.01;0.875;1;0.8;13743;1.10393;0.95473;1.02599;0;0.664655;0;0;0.524461;0.339289;6.56468e-05;0.866446;iters//iter_freqdep_18_8_2017_214856_617419187
1.275;0.75;0.5;0.02;0.01;0.875;1;0.2;8768;1.07158;0.928995;1.00887;0.132997;0.999041;0.342363;0.130125;0.644817;0.183906;0.0001;0.927704;iters//iter_freqdep_18_8_2017_214746_427616484
1.275;0.75;0.5;0.02;0.8;0.875;1;0.4;10716;1.11802;0.969253;1.05259;0.132995;0.999046;0.342363;0.130125;0.644817;0.183905;0.0001;0.967906;iters//iter_freqdep_18_8_2017_214821_98476729
1.275;0.75;0.1;0.02;0.9;0.875;1;0.4;122972;1.08874;0.943032;1.01875;0.541156;0.999944;0.629987;0.540033;0.695788;0.157159;0.00638058;1.00208;iters//iter_freqdep_18_8_2017_214821_398444698
1.275;0.75;0.5;0.02;0.3;0.875;1;0.4;9102;1.07651;0.933267;1.01351;0.133;0.999029;0.342362;0.130124;0.644816;0.183909;0.0001;0.93197;iters//iter_freqdep_18_8_2017_214815_982160654
1.275;0.75;0.5;0.02;0.1;0.875;1;0.01;9264;1.07761;0.934221;1.01455;0.133;0.999031;0.342362;0.130125;0.644816;0.183909;0.0001;0.932922;iters//iter_freqdep_18_8_2017_214716_767725696
1.275;0.75;0.5;0.02;0.6;0.875;1;0.5;9754;1.09533;0.949585;1.03123;0.132995;0.999047;0.342363;0.130125;0.644817;0.183904;0.0001;0.948265;iters//iter_freqdep_18_8_2017_214830_134423445
1.275;0.75;0.1;0.02;0.99;0.875;1;0.7;119489;1.10048;0.953209;1.02974;0.541158;0.999945;0.62999;0.540032;0.69579;0.157164;0.00635678;1.0129;iters//iter_freqdep_18_8_2017_214854_998432552
1.275;0.75;0.1;0.02;0.7;0.875;1;0.9;117633;1.08114;0.936451;1.01164;0.541154;0.999944;0.629986;0.540033;0.695786;0.157157;0.00639572;0.995089;iters//iter_freqdep_18_8_2017_214911_688387811
1.275;0.75;1;0.02;0.8;0.875;1;0.5;2569;1.17633;1.01735;1.09328;0;0.290006;0;0;0.52444;0.339343;0.560745;0.923273;iters//iter_freqdep_18_8_2017_214832_534838882
1.275;0.75;1;0.02;0.99;0.875;1;0.99;6986;1.32496;1.14588;1.23141;0;0.533606;0;0;0.524451;0.339316;0.196139;1.03992;iters//iter_freqdep_18_8_2017_214925_394123423
1.275;0.75;0.5;0.02;0.01;0.875;1;0.6;7070;1.07583;0.932683;1.01287;0.132998;0.999038;0.342362;0.130125;0.644817;0.183907;0.0001;0.931386;iters//iter_freqdep_18_8_2017_214835_621409460
1.275;0.75;0.1;0.02;0.1;0.875;1;0.3;102598;1.07109;0.92775;1.00224;0.541152;0.999944;0.629983;0.540034;0.695785;0.157153;0.00641757;0.985842;iters//iter_freqdep_18_8_2017_214801_188470939
1.275;0.75;1;0.02;0.3;0.875;1;0.7;7178;1.11283;0.96243;1.03426;0;0.546933;0;0;0.524453;0.33931;0.176208;0.873432;iters//iter_freqdep_18_8_2017_214848_664802521
1.275;0.75;0.5;0.02;0.2;0.875;1;0.9;3698;1.08678;0.942172;1.02318;0.132998;0.999037;0.342362;0.130125;0.644816;0.183907;0.0001;0.940863;iters//iter_freqdep_18_8_2017_214907_954761836
1.275;0.75;1;0.02;0.7;0.875;1;0.8;5888;1.17494;1.01615;1.09199;0;0.464679;0;0;0.524448;0.339323;0.299297;0.922183;iters//iter_freqdep_18_8_2017_214902_822412719
1.275;0.75;0.5;0.02;0.2;0.875;1;0.01;9659;1.07832;0.934841;1.01522;0.132996;0.999043;0.342363;0.130125;0.644817;0.183905;0.0001;0.933541;iters//iter_freqdep_18_8_2017_214717_977895364
1.275;0.75;1;0.02;0.01;0.875;1;0.3;8054;1.08357;0.937097;1.00704;0;0.570048;0;0;0.524423;0.339381;0.141427;0.850465;iters//iter_freqdep_18_8_2017_214801_92629598
1.275;0.75;1;0.02;0.6;0.875;1;0.4;2681;1.11374;0.963217;1.03511;0;0.311273;0;0;0.524441;0.339341;0.528909;0.874144;iters//iter_freqdep_18_8_2017_214819_59308035
1.275;0.75;1;0.02;0.4;0.875;1;0.9;8995;1.1338;0.98056;1.05374;0;0.595427;0;0;0.524456;0.339302;0.103641;0.889886;iters//iter_freqdep_18_8_2017_214909_700211070
1.275;0.75;1;0.02;0.8;0.875;1;0.7;4343;1.19911;1.03705;1.11445;0;0.39277;0;0;0.524445;0.339332;0.406924;0.941152;iters//iter_freqdep_18_8_2017_214853_739243919
1.275;0.75;0.5;0.02;0.2;0.875;1;0.2;9379;1.07201;0.92937;1.00928;0.132999;0.999033;0.342362;0.130125;0.644816;0.183908;0.0001;0.928078;iters//iter_freqdep_18_8_2017_214748_605795806
1.275;0.75;0.1;0.02;0.5;0.875;1;0.01;122352;1.07063;0.927345;1.0018;0.541152;0.999944;0.629983;0.540034;0.695784;0.157152;0.0064201;0.985412;iters//iter_freqdep_18_8_2017_214720_934721450
1.275;0.75;0.1;0.02;0.1;0.875;1;0.2;104196;1.07103;0.927698;1.00218;0.541152;0.999944;0.629983;0.540034;0.695785;0.157153;0.00641434;0.985787;iters//iter_freqdep_18_8_2017_214746_705173340
1.275;0.75;0.1;0.02;0.3;0.875;1;0.99;106463;1.07513;0.93125;1.00602;0.541153;0.999944;0.629984;0.540034;0.695785;0.157154;0.00640941;0.989562;iters//iter_freqdep_18_8_2017_214917_728064523
1.275;0.75;0.5;0.02;0.6;0.875;1;0.6;9100;1.10017;0.953784;1.03579;0.132995;0.999046;0.342363;0.130125;0.644817;0.183905;0.0001;0.952458;iters//iter_freqdep_18_8_2017_214840_892177941
1.275;0.75;1;0.02;0.6;0.875;1;0.6;4344;1.13584;0.982333;1.05565;0;0.395226;0;0;0.524445;0.339331;0.403247;0.891493;iters//iter_freqdep_18_8_2017_214841_39735309
1.275;0.75;0.5;0.02;0.2;0.875;1;0.6;7519;1.07952;0.935882;1.01635;0.132997;0.999041;0.342363;0.130125;0.644817;0.183906;0.0001;0.934581;iters//iter_freqdep_18_8_2017_214837_218107491
1.275;0.75;0.5;0.02;0.9;0.875;1;0.7;8698;1.16469;1.00972;1.09654;0.132998;0.999039;0.342362;0.130125;0.644816;0.183907;0.0001;1.00832;iters//iter_freqdep_18_8_2017_214854_709076217
1.275;0.75;0.5;0.02;0.9;0.875;1;0.99;5273;1.16466;1.00969;1.0965;0.132995;0.999051;0.342363;0.130125;0.644817;0.183904;0.0001;1.00829;iters//iter_freqdep_18_8_2017_214924_120070099
1.275;0.75;0.1;0.02;0.3;0.875;1;0.6;110909;1.07292;0.929331;1.00395;0.541152;0.999944;0.629984;0.540034;0.695785;0.157154;0.00641316;0.987523;iters//iter_freqdep_18_8_2017_214837_343861574
1.275;0.75;0.1;0.02;0.01;0.875;1;0.01;95047;1.07249;0.928957;1.00354;0.541153;0.999944;0.629984;0.540034;0.695785;0.157154;0.00640954;0.987125;iters//iter_freqdep_18_8_2017_214714_802827462
1.275;0.75;0.5;0.02;0.2;0.875;1;0.3;9079;1.0729;0.930144;1.01012;0.132996;0.999043;0.342363;0.130125;0.644817;0.183905;0.0001;0.928851;iters//iter_freqdep_18_8_2017_214802_998441848
1.275;0.75;0.5;0.02;0.8;0.875;1;0.6;9474;1.13071;0.980255;1.06454;0.133001;0.999028;0.342362;0.130124;0.644815;0.18391;0.0001;0.978892;iters//iter_freqdep_18_8_2017_214843_20998311
1.275;0.75;0.1;0.02;0.99;0.875;1;0.5;120998;1.10377;0.956055;1.03282;0.541158;0.999945;0.62999;0.540032;0.69579;0.157164;0.00635731;1.01592;iters//iter_freqdep_18_8_2017_214833_840828378
1.275;0.75;1;0.02;0.9;0.875;1;0.7;3954;1.25458;1.08503;1.16601;0;0.378309;0;0;0.524444;0.339333;0.428568;0.98469;iters//iter_freqdep_18_8_2017_214854_878764689
1.275;0.75;0.5;0.02;0.5;0.875;1;0.7;7948;1.09602;0.950185;1.03188;0.132995;0.999048;0.342363;0.130125;0.644817;0.183904;0.0001;0.948864;iters//iter_freqdep_18_8_2017_214850_445820193
1.275;0.75;0.5;0.02;0.3;0.875;1;0.5;8581;1.07944;0.935806;1.01627;0.132996;0.999042;0.342363;0.130125;0.644817;0.183906;0.0001;0.934505;iters//iter_freqdep_18_8_2017_214827_222465006
1.275;0.75;0.1;0.02;0.99;0.875;1;0.3;122309;1.1082;0.959892;1.03696;0.541159;0.999945;0.629992;0.540031;0.695791;0.157166;0.00634397;1.02;iters//iter_freqdep_18_8_2017_214811_141043512
1.275;0.75;1;0.02;0.4;0.875;1;0.3;3375;1.09056;0.943141;1.01353;0;0.369766;0;0;0.524435;0.339352;0.441367;0.855953;iters//iter_freqdep_18_8_2017_214805_339211030
1.275;0.75;0.1;0.02;0.7;0.875;1;0.7;119241;1.07985;0.935338;1.01044;0.541154;0.999944;0.629985;0.540033;0.695786;0.157156;0.00639794;0.993905;iters//iter_freqdep_18_8_2017_214851_651521843
1.275;0.75;0.1;0.02;0.2;0.875;1;0.99;99029;1.07437;0.930591;1.00531;0.541152;0.999944;0.629984;0.540034;0.695785;0.157154;0.00641179;0.988862;iters//iter_freqdep_18_8_2017_214916_979370458
1.275;0.75;1;0.02;0.4;0.875;1;0.2;3320;1.08632;0.939471;1.00959;0;0.3472;0;0;0.524436;0.339349;0.475155;0.852623;iters//iter_freqdep_18_8_2017_214751_41135632
1.275;0.75;0.1;0.02;0.8;0.875;1;0.8;118949;1.08436;0.939239;1.01465;0.541154;0.999944;0.629986;0.540033;0.695787;0.157157;0.00639351;0.998051;iters//iter_freqdep_18_8_2017_214902_929975694
1.275;0.75;0.1;0.02;0.99;0.875;1;0.4;121728;1.10578;0.957792;1.03469;0.541159;0.999945;0.629991;0.540031;0.69579;0.157165;0.00635027;1.01777;iters//iter_freqdep_18_8_2017_214822_662414980
1.275;0.75;0.1;0.02;0.6;0.875;1;0.4;121414;1.07383;0.930117;1.0048;0.541153;0.999944;0.629984;0.540034;0.695785;0.157154;0.00640995;0.988358;iters//iter_freqdep_18_8_2017_214818_81013972
1.275;0.75;0.5;0.02;0.6;0.875;1;0.4;10316;1.08973;0.944728;1.02596;0.133;0.999031;0.342362;0.130125;0.644816;0.183909;0.0001;0.943415;iters//iter_freqdep_18_8_2017_214818_907545458
1.275;0.75;0.5;0.02;0.6;0.875;1;0.7;8312;1.1043;0.957365;1.03968;0.132996;0.999046;0.342363;0.130125;0.644817;0.183905;0.0001;0.956034;iters//iter_freqdep_18_8_2017_214851_413829906
1.275;0.75;0.1;0.02;0.1;0.875;1;0.8;88289;1.07301;0.929406;1.00403;0.541153;0.999944;0.629984;0.540034;0.695785;0.157154;0.00640987;0.987603;iters//iter_freqdep_18_8_2017_214856_674326552
1.275;0.75;0.5;0.02;0.7;0.875;1;0.99;4724;1.12465;0.975001;1.05883;0.133;0.999028;0.342362;0.130124;0.644816;0.18391;0.0001;0.973646;iters//iter_freqdep_18_8_2017_214922_22207293
1.275;0.75;0.1;0.02;0.1;0.875;1;0.01;105692;1.07235;0.928841;1.00342;0.541153;0.999944;0.629984;0.540034;0.695785;0.157154;0.00641078;0.987002;iters//iter_freqdep_18_8_2017_214715_918927207
1.275;0.75;0.5;0.02;0.6;0.875;1;0.8;7312;1.10777;0.960374;1.04295;0.132996;0.999044;0.342363;0.130125;0.644817;0.183905;0.0001;0.959039;iters//iter_freqdep_18_8_2017_214901_686902179
1.275;0.75;1;0.02;0.5;0.875;1;0.7;5924;1.13072;0.977904;1.05089;0;0.472965;0;0;0.524449;0.339322;0.286897;0.887474;iters//iter_freqdep_18_8_2017_214850_562536670
1.275;0.75;0.5;0.02;0.99;0.875;1;0.2;10497;1.28032;1.10996;1.2054;0.132999;0.999036;0.342362;0.130124;0.644816;0.183909;0.0001;1.10842;iters//iter_freqdep_18_8_2017_214757_975735932
1.275;0.75;0.5;0.02;0.99;0.875;1;0.01;12910;1.11024;0.962516;1.04527;0.132995;0.999046;0.342363;0.130125;0.644817;0.183905;0.0001;0.961178;iters//iter_freqdep_18_8_2017_214729_9850828
1.275;0.75;0.1;0.02;0.2;0.875;1;0.3;110231;1.07107;0.927725;1.00221;0.541152;0.999944;0.629983;0.540034;0.695784;0.157153;0.00641841;0.985816;iters//iter_freqdep_18_8_2017_214802_210566774
1.275;0.75;0.1;0.02;0.4;0.875;1;0.1;119793;1.07041;0.927154;1.0016;0.541152;0.999944;0.629983;0.540034;0.695784;0.157152;0.00642054;0.985209;iters//iter_freqdep_18_8_2017_214734_56882802
1.275;0.75;0.5;0.02;0.7;0.875;1;0.6;9353;1.11194;0.963987;1.04687;0.132996;0.999043;0.342363;0.130125;0.644817;0.183906;0.0001;0.962646;iters//iter_freqdep_18_8_2017_214841_923834010
1.275;0.75;0.5;0.02;0.2;0.875;1;0.7;6650;1.08234;0.938326;1.019;0.132996;0.999044;0.342363;0.130125;0.644817;0.183905;0.0001;0.937021;iters//iter_freqdep_18_8_2017_214847_733694711
1.275;0.75;0.5;0.02;0.1;0.875;1;0.8;5095;1.08178;0.937842;1.01848;0.132998;0.999036;0.342362;0.130125;0.644816;0.183907;0.0001;0.936538;iters//iter_freqdep_18_8_2017_214857_255858032
1.275;0.75;1;0.02;0.99;0.875;1;0.6;2693;1.37558;1.18967;1.27846;0;0.31724;0;0;0.524442;0.339338;0.519982;1.07966;iters//iter_freqdep_18_8_2017_214845_594135419
1.275;0.75;0.1;0.02;0.7;0.875;1;0.99;117361;1.0816;0.936855;1.01208;0.541154;0.999944;0.629986;0.540033;0.695786;0.157157;0.00639573;0.995518;iters//iter_freqdep_18_8_2017_214921_245240535
1.275;0.75;1;0.02;0.01;0.875;1;0.4;8187;1.08651;0.939642;1.00977;0;0.589505;0;0;0.524422;0.339384;0.112283;0.852775;iters//iter_freqdep_18_8_2017_214813_223902656
1.275;0.75;0.1;0.02;0.4;0.875;1;0.4;117319;1.072;0.928539;1.00309;0.541152;0.999944;0.629984;0.540034;0.695785;0.157154;0.00641237;0.986681;iters//iter_freqdep_18_8_2017_214816_146743405
1.275;0.75;0.1;0.02;0.5;0.875;1;0.4;119724;1.07265;0.929099;1.0037;0.541152;0.999944;0.629984;0.540034;0.695785;0.157154;0.00641149;0.987277;iters//iter_freqdep_18_8_2017_214817_88594166
1.275;0.75;0.1;0.02;0.01;0.875;1;0.9;34448;1.07304;0.929436;1.00406;0.541153;0.999944;0.629984;0.540034;0.695785;0.157154;0.00640854;0.987634;iters//iter_freqdep_18_8_2017_214906_292140961
1.275;0.75;0.5;0.02;0.5;0.875;1;0.3;10419;1.07833;0.934851;1.01523;0.132997;0.999041;0.342363;0.130125;0.644817;0.183906;0.0001;0.933552;iters//iter_freqdep_18_8_2017_214806_319465504
1.275;0.75;0.1;0.02;0.7;0.875;1;0.8;118313;1.08057;0.935962;1.01111;0.541154;0.999944;0.629986;0.540033;0.695787;0.157157;0.00639536;0.994568;iters//iter_freqdep_18_8_2017_214901_904454770
1.275;0.75;0.1;0.02;0.1;0.875;1;0.7;91542;1.07258;0.929035;1.00363;0.541152;0.999944;0.629983;0.540034;0.695785;0.157153;0.00641493;0.987209;iters//iter_freqdep_18_8_2017_214846_278894955
1.275;0.75;0.5;0.02;0.1;0.875;1;0.5;7848;1.07532;0.932241;1.01239;0.133001;0.999024;0.342361;0.130124;0.644815;0.183911;0.0001;0.930945;iters//iter_freqdep_18_8_2017_214825_398671587
1.275;0.75;1;0.02;0.01;0.875;1;0.7;10345;1.0993;0.950726;1.02168;0;0.664686;0;0;0.524462;0.339288;2.09404e-05;0.862812;iters//iter_freqdep_18_8_2017_214846_246310608
1.275;0.75;0.5;0.02;0.9;0.875;1;0.5;10013;1.16041;1.006;1.0925;0.132996;0.999044;0.342363;0.130125;0.644817;0.183906;0.0001;1.00461;iters//iter_freqdep_18_8_2017_214833_522172284
1.275;0.75;1;0.02;0.2;0.875;1;0.2;5432;1.08401;0.937475;1.00744;0;0.452966;0;0;0.52443;0.339362;0.31678;0.85081;iters//iter_freqdep_18_8_2017_214748_776267868
1.275;0.75;1;0.02;0.7;0.875;1;0.01;902;1.14382;0.989194;1.06302;0;0.159562;0;0;0.524444;0.339328;0.756091;0.897751;iters//iter_freqdep_18_8_2017_214724_860750090
1.275;0.75;1;0.02;0.7;0.875;1;0.2;745;1.09785;0.949481;1.02035;0;0.197914;0;0;0.524436;0.339354;0.698598;0.861676;iters//iter_freqdep_18_8_2017_214754_517707899
1.275;0.75;1;0.02;0.2;0.875;1;0.6;6122;1.10133;0.952486;1.02357;0;0.553157;0;0;0.524454;0.339308;0.166894;0.864407;iters//iter_freqdep_18_8_2017_214837_306179388
1.275;0.75;0.5;0.02;0.3;0.875;1;0.9;4272;1.09062;0.945503;1.0268;0.132995;0.999046;0.342363;0.130125;0.644817;0.183905;0.0001;0.944188;iters//iter_freqdep_18_8_2017_214908_769006555
1.275;0.75;0.5;0.02;0.01;0.875;1;0.1;8942;1.07306;0.930278;1.01026;0.132997;0.999041;0.342363;0.130125;0.644817;0.183906;0.0001;0.928985;iters//iter_freqdep_18_8_2017_214730_243049583
1.275;0.75;0.1;0.02;0.8;0.875;1;0.3;124134;1.07792;0.933659;1.00862;0.541153;0.999944;0.629985;0.540034;0.695786;0.157155;0.00640341;0.992122;iters//iter_freqdep_18_8_2017_214808_715694912
1.275;0.75;0.5;0.02;0.1;0.875;1;0.4;8338;1.07353;0.930685;1.0107;0.132999;0.999033;0.342362;0.130125;0.644816;0.183908;0.0001;0.929391;iters//iter_freqdep_18_8_2017_214814_22118442
1.275;0.75;0.5;0.02;0.99;0.875;1;0.6;9031;1.22264;1.05996;1.15109;0.132994;0.999053;0.342363;0.130125;0.644818;0.183904;0.0001;1.05848;iters//iter_freqdep_18_8_2017_214845_395285023
1.275;0.75;0.5;0.02;0.3;0.875;1;0.8;5924;1.08825;0.943452;1.02457;0.132996;0.999044;0.342363;0.130125;0.644817;0.183905;0.0001;0.94214;iters//iter_freqdep_18_8_2017_214858_942377082
1.275;0.75;0.1;0.02;0.2;0.875;1;0.9;99594;1.07396;0.930233;1.00492;0.541152;0.999944;0.629984;0.540034;0.695785;0.157154;0.00641312;0.988481;iters//iter_freqdep_18_8_2017_214907_319970985
1.275;0.75;0.1;0.02;0.5;0.875;1;0.8;115158;1.0763;0.932262;1.00711;0.541153;0.999944;0.629985;0.540034;0.695786;0.157156;0.00640168;0.990637;iters//iter_freqdep_18_8_2017_214859_992808281
1.275;0.75;1;0.02;0.8;0.875;1;0.1;530;1.09246;0.944781;1.0153;0;0.121475;0;0;0.524446;0.339322;0.813111;0.857445;iters//iter_freqdep_18_8_2017_214740_141270010
1.275;0.75;1;0.02;0.9;0.875;1;0.6;3023;1.2488;1.08002;1.16063;0;0.32397;0;0;0.524442;0.339339;0.509906;0.980151;iters//iter_freqdep_18_8_2017_214844_358262878
1.275;0.75;0.5;0.02;0.9;0.875;1;0.3;11148;1.14589;0.993419;1.07883;0.132995;0.99905;0.342363;0.130125;0.644817;0.183904;0.0001;0.992038;iters//iter_freqdep_18_8_2017_214810_802996311
1.275;0.75;0.1;0.02;0.7;0.875;1;0.1;125205;1.06913;0.926048;1.0004;0.541151;0.999943;0.629982;0.540035;0.695784;0.157152;0.0064222;0.984034;iters//iter_freqdep_18_8_2017_214737_721837526
1.275;0.75;0.1;0.02;0.7;0.875;1;0.6;120277;1.07892;0.934528;1.00956;0.541153;0.999944;0.629985;0.540034;0.695786;0.157155;0.00640442;0.993045;iters//iter_freqdep_18_8_2017_214841_125611833
1.275;0.75;1;0.02;0.01;0.875;1;0.5;8174;1.09035;0.942965;1.01334;0;0.613147;0;0;0.52442;0.339388;0.0768714;0.85579;iters//iter_freqdep_18_8_2017_214824_655549351
1.275;0.75;0.5;0.02;0.4;0.875;1;0.7;7522;1.0901;0.945053;1.02631;0.132997;0.999041;0.342363;0.130125;0.644817;0.183906;0.0001;0.943739;iters//iter_freqdep_18_8_2017_214849_517863627
1.275;0.75;0.1;0.02;0.01;0.875;1;0.3;90018;1.07113;0.927785;1.00228;0.541152;0.999944;0.629983;0.540034;0.695785;0.157153;0.00641501;0.98588;iters//iter_freqdep_18_8_2017_214800_268816486
1.275;0.75;0.1;0.02;0.8;0.875;1;0.7;119855;1.08382;0.938777;1.01415;0.541154;0.999944;0.629986;0.540033;0.695787;0.157157;0.00639438;0.99756;iters//iter_freqdep_18_8_2017_214852_713814395
1.275;0.75;1;0.02;0.3;0.875;1;0.6;5939;1.10634;0.956815;1.02823;0;0.509622;0;0;0.524451;0.339315;0.232042;0.868336;iters//iter_freqdep_18_8_2017_214838_170442015
1.275;0.75;1;0.02;0.1;0.875;1;0.2;6673;1.08305;0.936651;1.00656;0;0.506665;0;0;0.524427;0.339371;0.236359;0.850062;iters//iter_freqdep_18_8_2017_214747_673800577
1.275;0.75;0.5;0.02;0.4;0.875;1;0.99;2797;1.09777;0.951702;1.03353;0.132996;0.999046;0.342363;0.130125;0.644817;0.183905;0.0001;0.950379;iters//iter_freqdep_18_8_2017_214919_240909600
1.275;0.75;1;0.02;0.99;0.875;1;0.7;3611;1.35794;1.17441;1.26207;0;0.372679;0;0;0.524444;0.339333;0.436996;1.06581;iters//iter_freqdep_18_8_2017_214856_59645466
1.275;0.75;0.1;0.02;0.1;0.875;1;0.99;84570;1.07379;0.930083;1.00476;0.541152;0.999944;0.629984;0.540034;0.695785;0.157154;0.00641159;0.988321;iters//iter_freqdep_18_8_2017_214916_328929693
1.275;0.75;0.1;0.02;0.8;0.875;1;0.9;118345;1.08473;0.939563;1.015;0.541155;0.999944;0.629986;0.540033;0.695787;0.157158;0.00638956;0.998395;iters//iter_freqdep_18_8_2017_214912_700012381
1.275;0.75;1;0.02;0.6;0.875;1;0.5;3468;1.12531;0.973223;1.04586;0;0.351613;0;0;0.524443;0.339336;0.468527;0.883225;iters//iter_freqdep_18_8_2017_214830_284224563
1.275;0.75;0.5;0.02;0.9;0.875;1;0.6;9400;1.16323;1.00845;1.09515;0.133001;0.999027;0.342361;0.130124;0.644815;0.183911;0.0001;1.00705;iters//iter_freqdep_18_8_2017_214844_167115876
1.275;0.75;0.1;0.02;0.6;0.875;1;0.01;124145;1.06958;0.926436;1.00082;0.541151;0.999943;0.629982;0.540035;0.695784;0.157152;0.00642258;0.984446;iters//iter_freqdep_18_8_2017_214722_233912279
1.275;0.75;0.1;0.02;0.2;0.875;1;0.8;101056;1.07348;0.929818;1.00447;0.541152;0.999944;0.629984;0.540034;0.695785;0.157154;0.00641146;0.98804;iters//iter_freqdep_18_8_2017_214857_371842090
1.275;0.75;0.1;0.02;0.6;0.875;1;0.3;122439;1.07235;0.928842;1.00342;0.541153;0.999944;0.629984;0.540034;0.695785;0.157154;0.00640948;0.987003;iters//iter_freqdep_18_8_2017_214806_528967442
1.275;0.75;0.1;0.02;0.01;0.875;1;0.4;86272;1.07131;0.927939;1.00244;0.541152;0.999944;0.629983;0.540034;0.695785;0.157153;0.00641489;0.986043;iters//iter_freqdep_18_8_2017_214812_450204976
1.275;0.75;0.1;0.02;0.99;0.875;1;0.6;120213;1.10199;0.954516;1.03115;0.541158;0.999945;0.62999;0.540032;0.69579;0.157163;0.00636124;1.01428;iters//iter_freqdep_18_8_2017_214844_486164389
1.275;0.75;0.1;0.02;0.4;0.875;1;0.6;114749;1.0736;0.929917;1.00458;0.541152;0.999944;0.629984;0.540034;0.695785;0.157154;0.00641135;0.988146;iters//iter_freqdep_18_8_2017_214838_226282075
1.275;0.75;1;0.02;0.7;0.875;1;0.6;3834;1.1562;0.999941;1.07457;0;0.365068;0;0;0.524444;0.339334;0.448387;0.907473;iters//iter_freqdep_18_8_2017_214842_83111908
1.275;0.75;1;0.02;0.2;0.875;1;0.9;12228;1.1181;0.966979;1.03915;0;0.664654;0;0;0.524461;0.339289;6.67225e-05;0.877562;iters//iter_freqdep_18_8_2017_214908_9199721
1.275;0.75;1;0.02;0.7;0.875;1;0.5;2989;1.14411;0.989486;1.06334;0;0.317851;0;0;0.524442;0.33934;0.519064;0.897984;iters//iter_freqdep_18_8_2017_214831_375522639
1.275;0.75;0.5;0.02;0.3;0.875;1;0.1;10052;1.07324;0.930437;1.01044;0.132997;0.999038;0.342362;0.130125;0.644817;0.183907;0.0001;0.929144;iters//iter_freqdep_18_8_2017_214733_741974945
1.275;0.75;1;0.02;0.4;0.875;1;0.4;1893;1.09755;0.949214;1.02006;0;0.398201;0;0;0.524445;0.339331;0.398795;0.861436;iters//iter_freqdep_18_8_2017_214817_81750498
1.275;0.75;1;0.02;0.5;0.875;1;0.4;3006;1.10393;0.954737;1.02599;0;0.353271;0;0;0.524443;0.339336;0.466044;0.866448;iters//iter_freqdep_18_8_2017_214818_39468377
1.275;0.75;1;0.02;0.1;0.875;1;0.01;6492;1.09339;0.945591;1.01617;0;0.492265;0;0;0.524428;0.339368;0.257925;0.858175;iters//iter_freqdep_18_8_2017_214716_974400450
1.275;0.75;0.1;0.02;0.2;0.875;1;0.1;112185;1.07112;0.927775;1.00227;0.541152;0.999944;0.629983;0.540034;0.695785;0.157153;0.00641444;0.98587;iters//iter_freqdep_18_8_2017_214731_663650579
1.275;0.75;0.1;0.02;0.6;0.875;1;0.1;123881;1.06946;0.926335;1.00071;0.541152;0.999943;0.629983;0.540034;0.695784;0.157152;0.00642051;0.984339;iters//iter_freqdep_18_8_2017_214736_482348515
1.275;0.75;1;0.02;0.2;0.875;1;0.99;15194;1.12276;0.971011;1.04348;0;0.664672;0;0;0.524461;0.339289;3.72167e-05;0.881221;iters//iter_freqdep_18_8_2017_214917_635322233
1.275;0.75;0.5;0.02;0.2;0.875;1;0.8;5453;1.08464;0.940322;1.02117;0.132999;0.999031;0.342362;0.130125;0.644816;0.183909;0.0001;0.939015;iters//iter_freqdep_18_8_2017_214858_24788902
1.275;0.75;0.1;0.02;0.01;0.875;1;0.8;51795;1.07267;0.929118;1.00372;0.541152;0.999944;0.629984;0.540034;0.695785;0.157154;0.00641175;0.987296;iters//iter_freqdep_18_8_2017_214856_190372107
1.275;0.75;1;0.02;0.9;0.875;1;0.01;164;1.13282;0.979683;1.0528;0;0.0503266;0;0;0.524449;0.339314;0.919622;0.88912;iters//iter_freqdep_18_8_2017_214727_644991494
1.275;0.75;1;0.02;0.5;0.875;1;0.1;2331;1.08986;0.942531;1.01288;0;0.277706;0;0;0.524439;0.339341;0.579209;0.8554;iters//iter_freqdep_18_8_2017_214736_382121061
1.275;0.75;0.5;0.02;0.7;0.875;1;0.7;8583;1.11635;0.967806;1.05102;0.132997;0.999043;0.342363;0.130125;0.644817;0.183906;0.0001;0.966461;iters//iter_freqdep_18_8_2017_214852_452467709
1.275;0.75;0.1;0.02;0.4;0.875;1;0.5;116041;1.07282;0.929243;1.00385;0.541152;0.999944;0.629983;0.540034;0.695785;0.157153;0.00641596;0.987429;iters//iter_freqdep_18_8_2017_214827_350125634
1.275;0.75;1;0.02;0.8;0.875;1;0.8;5415;1.20674;1.04364;1.12154;0;0.445615;0;0;0.524447;0.339326;0.327828;0.947136;iters//iter_freqdep_18_8_2017_214903_893355409
1.275;0.75;0.1;0.02;0.3;0.875;1;0.8;107954;1.07412;0.93037;1.00507;0.541153;0.999944;0.629984;0.540034;0.695785;0.157155;0.00640793;0.988627;iters//iter_freqdep_18_8_2017_214858_158693013
1.275;0.75;0.1;0.02;0.99;0.875;1;0.9;118305;1.09803;0.951085;1.02745;0.541158;0.999945;0.629989;0.540032;0.695789;0.157163;0.00636188;1.01064;iters//iter_freqdep_18_8_2017_214914_905897290
1.275;0.75;0.5;0.02;0.9;0.875;1;0.01;12888;1.08097;0.937134;1.01771;0.132999;0.999034;0.342362;0.130125;0.644816;0.183908;0.0001;0.935832;iters//iter_freqdep_18_8_2017_214727_360442445
1.275;0.75;1;0.02;0.99;0.875;1;0.1;421;0.388048;0.335621;0.360671;0;0.0441262;0;0;0.524398;0.33945;0.928794;0.304571;iters//iter_freqdep_18_8_2017_214743_970574010
1.275;0.75;0.5;0.02;0.99;0.875;1;0.5;9514;1.23255;1.06855;1.16042;0.132997;0.999042;0.342363;0.130125;0.644816;0.183907;0.0001;1.06706;iters//iter_freqdep_18_8_2017_214834_749567929
1.275;0.75;0.5;0.02;0.1;0.875;1;0.99;706;1.08547;0.941075;1.02199;0.132714;0.999947;0.342346;0.130383;0.644843;0.183476;0.000843684;0.939721;iters//iter_freqdep_18_8_2017_214916_873433678
1.275;0.75;0.5;0.02;0.1;0.875;1;0.1;9181;1.07316;0.930364;1.01036;0.132997;0.999039;0.342363;0.130125;0.644817;0.183907;0.0001;0.929071;iters//iter_freqdep_18_8_2017_214731_369281666
1.275;0.75;1;0.02;0.3;0.875;1;0.99;13509;1.13003;0.977297;1.05024;0;0.664668;0;0;0.524461;0.33929;4.25224e-05;0.886926;iters//iter_freqdep_18_8_2017_214918_452273232
1.275;0.75;1;0.02;0.01;0.875;1;0.2;7902;1.08224;0.935951;1.00581;0;0.555294;0;0;0.524424;0.339378;0.163525;0.849425;iters//iter_freqdep_18_8_2017_214746_590735911
1.275;0.75;1;0.02;0.2;0.875;1;0.3;5571;1.08609;0.939276;1.00938;0;0.470806;0;0;0.524429;0.339365;0.290063;0.852444;iters//iter_freqdep_18_8_2017_214803_152615507
1.275;0.75;1;0.02;0.6;0.875;1;0.99;8867;1.16647;1.00881;1.08411;0;0.583662;0;0;0.524455;0.339305;0.121243;0.915528;iters//iter_freqdep_18_8_2017_214921_139779401
1.275;0.75;0.5;0.02;0.5;0.875;1;0.6;8754;1.09233;0.946988;1.02841;0.133;0.999028;0.342362;0.130124;0.644816;0.18391;0.0001;0.945672;iters//iter_freqdep_18_8_2017_214839_918512492
1.275;0.75;0.5;0.02;0.99;0.875;1;0.3;10228;1.26188;1.09397;1.18803;0.132995;0.999052;0.342363;0.130125;0.644817;0.183904;0.0001;1.09245;iters//iter_freqdep_18_8_2017_214812_93744768
1.275;0.75;1;0.02;0.6;0.875;1;0.01;1494;1.12958;0.976885;1.0498;0;0.214893;0;0;0.524441;0.339334;0.673252;0.886579;iters//iter_freqdep_18_8_2017_214723_465184363
1.275;0.75;0.1;0.02;0.9;0.875;1;0.3;123943;1.08678;0.941337;1.01692;0.541155;0.999944;0.629987;0.540033;0.695787;0.157158;0.00638623;1.00028;iters//iter_freqdep_18_8_2017_214809_890940310
1.275;0.75;0.5;0.02;0.7;0.875;1;0.9;6349;1.1226;0.973226;1.0569;0.132997;0.999041;0.342363;0.130125;0.644817;0.183906;0.0001;0.971873;iters//iter_freqdep_18_8_2017_214912_474150571
1.275;0.75;1;0.02;0.2;0.875;1;0.1;5306;1.08642;0.939557;1.00968;0;0.441255;0;0;0.524431;0.33936;0.334318;0.852699;iters//iter_freqdep_18_8_2017_214732_753805586
1.275;0.75;0.5;0.02;0.01;0.875;1;0.7;6198;1.07766;0.93427;1.0146;0.132996;0.999045;0.342363;0.130125;0.644817;0.183905;0.0001;0.932971;iters//iter_freqdep_18_8_2017_214846_172759866
1.275;0.75;1;0.02;0.5;0.875;1;0.2;2445;1.08807;0.940989;1.01122;0;0.295648;0;0;0.524438;0.339343;0.552344;0.854001;iters//iter_freqdep_18_8_2017_214752_225095887
1.275;0.75;1;0.02;0.9;0.875;1;0.4;1543;1.22407;1.05864;1.13765;0;0.217216;0;0;0.524438;0.33935;0.669707;0.960741;iters//iter_freqdep_18_8_2017_214822_552965054
1.275;0.75;0.1;0.02;0.1;0.875;1;0.5;97975;1.07173;0.928301;1.00284;0.541152;0.999944;0.629984;0.540034;0.695785;0.157154;0.00641135;0.986428;iters//iter_freqdep_18_8_2017_214824_709334095
1.275;0.75;0.1;0.02;0.6;0.875;1;0.7;118059;1.0773;0.933127;1.00805;0.541154;0.999944;0.629985;0.540034;0.695786;0.157156;0.00640048;0.991556;iters//iter_freqdep_18_8_2017_214850_646243507
1.275;0.75;0.5;0.02;0.1;0.875;1;0.9;3260;1.08371;0.939514;1.02029;0.132998;0.999035;0.342362;0.130125;0.644816;0.183908;0.0001;0.938208;iters//iter_freqdep_18_8_2017_214907_200991202
1.275;0.75;0.1;0.02;0.01;0.875;1;0.2;92641;1.07116;0.927805;1.0023;0.541152;0.999944;0.629983;0.540034;0.695785;0.157153;0.00641572;0.985901;iters//iter_freqdep_18_8_2017_214745_690610107
1.275;0.75;0.1;0.02;0.2;0.875;1;0.6;105026;1.07246;0.928937;1.00352;0.541152;0.999944;0.629983;0.540034;0.695785;0.157154;0.00641384;0.987104;iters//iter_freqdep_18_8_2017_214836_510719477
1.275;0.75;0.5;0.02;0.3;0.875;1;0.6;7922;1.08283;0.938749;1.01946;0.132995;0.999047;0.342363;0.130125;0.644817;0.183905;0.0001;0.937444;iters//iter_freqdep_18_8_2017_214838_75312351
1.275;0.75;0.1;0.02;0.6;0.875;1;0.8;117066;1.07807;0.93379;1.00876;0.541154;0.999944;0.629985;0.540034;0.695786;0.157156;0.00640023;0.992261;iters//iter_freqdep_18_8_2017_214900_929743756
1.275;0.75;1;0.02;0.4;0.875;1;0.1;3190;1.08893;0.941732;1.01202;0;0.331885;0;0;0.524436;0.339347;0.498086;0.854675;iters//iter_freqdep_18_8_2017_214735_154915809
1.275;0.75;1;0.02;0.5;0.875;1;0.6;4900;1.12238;0.970692;1.04314;0;0.429984;0;0;0.524446;0.339328;0.351222;0.880928;iters//iter_freqdep_18_8_2017_214840_42669071
1.275;0.75;1;0.02;0.3;0.875;1;0.01;4102;1.10266;0.953604;1.02478;0;0.381265;0;0;0.524434;0.339353;0.424149;0.865448;iters//iter_freqdep_18_8_2017_214719_532800442
1.275;0.75;1;0.02;0.01;0.875;1;0.01;7735;1.09036;0.942972;1.01335;0;0.54222;0;0;0.524425;0.339376;0.183107;0.855798;iters//iter_freqdep_18_8_2017_214715_781581681
1.275;0.75;0.5;0.02;0.1;0.875;1;0.3;8712;1.07219;0.929524;1.00944;0.133;0.999028;0.342362;0.130124;0.644816;0.183909;0.0001;0.928232;iters//iter_freqdep_18_8_2017_214801_969089893
1.275;0.75;0.5;0.02;0.99;0.875;1;0.8;7656;1.20826;1.04749;1.13756;0.132996;0.999045;0.342363;0.130125;0.644817;0.183906;0.0001;1.04604;iters//iter_freqdep_18_8_2017_214905_1753129
1.275;0.75;1;0.02;0.3;0.875;1;0.4;4275;1.09329;0.945499;1.01607;0;0.445263;0;0;0.524431;0.339361;0.328315;0.858092;iters//iter_freqdep_18_8_2017_214816_110801913
1.275;0.75;1;0.02;0.9;0.875;1;0.99;7358;1.26086;1.09045;1.17183;0;0.537383;0;0;0.524451;0.339314;0.190489;0.989612;iters//iter_freqdep_18_8_2017_214924_246650072
1.275;0.75;0.1;0.02;0.2;0.875;1;0.4;108749;1.07146;0.928068;1.00258;0.541152;0.999944;0.629983;0.540034;0.695784;0.157153;0.00641825;0.98618;iters//iter_freqdep_18_8_2017_214814_211065019
1.275;0.75;0.1;0.02;0.5;0.875;1;0.1;122171;1.06995;0.926756;1.00117;0.541152;0.999943;0.629983;0.540034;0.695785;0.157153;0.00641516;0.984786;iters//iter_freqdep_18_8_2017_214735_264364180
1.275;0.75;0.1;0.02;0.8;0.875;1;0.5;122032;1.08194;0.937146;1.01239;0.541154;0.999944;0.629986;0.540033;0.695787;0.157157;0.00639373;0.995827;iters//iter_freqdep_18_8_2017_214831_475222028
1.275;0.75;0.1;0.02;0.7;0.875;1;0.2;124477;1.07169;0.928271;1.0028;0.541152;0.999944;0.629983;0.540034;0.695785;0.157154;0.00641325;0.986396;iters//iter_freqdep_18_8_2017_214753_434183025
1.275;0.75;0.5;0.02;0.8;0.875;1;0.1;12329;1.07814;0.93468;1.01504;0.133;0.999029;0.342362;0.130125;0.644816;0.183909;0.0001;0.933381;iters//iter_freqdep_18_8_2017_214739_929173848
1.275;0.75;0.5;0.02;0.99;0.875;1;0.1;18272;0.763274;0.66171;0.718604;0.133002;0.999027;0.34237;0.130101;0.644822;0.183916;0.0001;0.660792;iters//iter_freqdep_18_8_2017_214742_498290822
1.275;0.75;0.1;0.02;0.2;0.875;1;0.5;107005;1.07195;0.928489;1.00304;0.541152;0.999944;0.629983;0.540034;0.695785;0.157153;0.0064151;0.986628;iters//iter_freqdep_18_8_2017_214825_550216944
1.275;0.75;0.5;0.02;0.99;0.875;1;0.9;6604;1.20263;1.04261;1.13225;0.133;0.999033;0.342362;0.130124;0.644816;0.183909;0.0001;1.04116;iters//iter_freqdep_18_8_2017_214915_780636523
1.275;0.75;1;0.02;0.9;0.875;1;0.2;582;1.16286;1.0057;1.08076;0;0.117641;0;0;0.524433;0.339363;0.81877;0.912698;iters//iter_freqdep_18_8_2017_214756_885880030
1.275;0.75;0.5;0.02;0.5;0.875;1;0.9;5458;1.10199;0.955363;1.0375;0.133001;0.999027;0.342362;0.130124;0.644815;0.18391;0.0001;0.954035;iters//iter_freqdep_18_8_2017_214910_520370175
1.275;0.75;0.5;0.02;0.4;0.875;1;0.1;10548;1.07324;0.930439;1.01044;0.132999;0.999031;0.342362;0.130125;0.644816;0.183909;0.0001;0.929145;iters//iter_freqdep_18_8_2017_214734_953484340
1.275;0.75;1;0.02;0.2;0.875;1;0.8;9113;1.11269;0.962301;1.03412;0;0.625505;0;0;0.524458;0.339296;0.0586395;0.873317;iters//iter_freqdep_18_8_2017_214858_93098364
1.275;0.75;0.1;0.02;0.9;0.875;1;0.7;119959;1.09035;0.944432;1.02026;0.541156;0.999944;0.629987;0.540033;0.695788;0.157159;0.00638109;1.00357;iters//iter_freqdep_18_8_2017_214853_855475671
1.275;0.75;0.5;0.02;0.7;0.875;1;0.01;11985;1.08422;0.939955;1.02077;0.133001;0.999024;0.342361;0.130124;0.644815;0.183911;0.0001;0.938649;iters//iter_freqdep_18_8_2017_214724_597747600
1.275;0.75;0.5;0.02;0.01;0.875;1;0.99;369;1.0831;0.93898;1.01971;0.132997;0.999038;0.342362;0.130125;0.644817;0.183907;0.0001;0.937675;iters//iter_freqdep_18_8_2017_214916_234788063
1.275;0.75;0.5;0.02;0.6;0.875;1;0.01;11547;1.08271;0.938642;1.01935;0.132996;0.999043;0.342363;0.130125;0.644817;0.183905;0.0001;0.937337;iters//iter_freqdep_18_8_2017_214723_212418428
1.275;0.75;0.5;0.02;0.99;0.875;1;0.99;5257;1.1982;1.03877;1.12808;0.133001;0.999029;0.342362;0.130124;0.644815;0.18391;0.0001;1.03733;iters//iter_freqdep_18_8_2017_214925_246084427
1.275;0.75;0.5;0.02;0.8;0.875;1;0.3;11279;1.10807;0.960635;1.04323;0.133001;0.999028;0.342362;0.130124;0.644816;0.18391;0.0001;0.959299;iters//iter_freqdep_18_8_2017_214809_589119626
1.275;0.75;0.1;0.02;0.5;0.875;1;0.3;120738;1.07157;0.928159;1.00268;0.541152;0.999944;0.629984;0.540034;0.695785;0.157154;0.00641258;0.986277;iters//iter_freqdep_18_8_2017_214805_395505156
1.275;0.75;0.1;0.02;0.8;0.875;1;0.1;126192;1.06973;0.926573;1.00097;0.541152;0.999943;0.629983;0.540034;0.695785;0.157153;0.00641485;0.984592;iters//iter_freqdep_18_8_2017_214738_971721321
1.275;0.75;0.1;0.02;0.7;0.875;1;0.01;125675;1.06791;0.924995;0.999265;0.541152;0.999943;0.629983;0.540034;0.695784;0.157152;0.00641929;0.982916;iters//iter_freqdep_18_8_2017_214723_576587277
1.275;0.75;1;0.02;0.9;0.875;1;0.8;5010;1.25801;1.08799;1.16919;0;0.432975;0;0;0.524446;0.339328;0.346744;0.987382;iters//iter_freqdep_18_8_2017_214904_435792
1.275;0.75;1;0.02;0.6;0.875;1;0.2;1672;1.09108;0.943587;1.01401;0;0.245604;0;0;0.52444;0.339337;0.627273;0.856359;iters//iter_freqdep_18_8_2017_214753_375552024
1.275;0.75;0.5;0.02;0.8;0.875;1;0.01;12413;1.08511;0.940722;1.02161;0.132996;0.999044;0.342363;0.130125;0.644817;0.183905;0.0001;0.939415;iters//iter_freqdep_18_8_2017_214725_978319728
1.275;0.75;1;0.02;0.9;0.875;1;0.1;283;1.11413;0.963563;1.03548;0;0.0758018;0;0;0.52443;0.339369;0.881408;0.874454;iters//iter_freqdep_18_8_2017_214741_404204888
1.275;0.75;0.5;0.02;0.5;0.875;1;0.5;9408;1.08816;0.943371;1.02448;0.132997;0.99904;0.342363;0.130125;0.644817;0.183906;0.0001;0.94206;iters//iter_freqdep_18_8_2017_214829_121805424
1.275;0.75;0.5;0.02;0.4;0.875;1;0.01;10606;1.08014;0.936416;1.01693;0.132996;0.999045;0.342363;0.130125;0.644817;0.183905;0.0001;0.935114;iters//iter_freqdep_18_8_2017_214720_580943807
1.275;0.75;0.5;0.02;0.4;0.875;1;0.8;6426;1.09295;0.947525;1.02899;0.132996;0.999043;0.342363;0.130125;0.644817;0.183905;0.0001;0.946208;iters//iter_freqdep_18_8_2017_214859_805378980
1.275;0.75;0.5;0.02;0.6;0.875;1;0.9;5958;1.11068;0.962896;1.04569;0.132996;0.999045;0.342363;0.130125;0.644817;0.183905;0.0001;0.961557;iters//iter_freqdep_18_8_2017_214911_471016622
1.275;0.75;0.5;0.02;0.01;0.875;1;0.3;8513;1.0717;0.929102;1.00899;0.132998;0.999035;0.342362;0.130125;0.644816;0.183908;0.0001;0.927811;iters//iter_freqdep_18_8_2017_214800_945037230
1.275;0.75;1;0.02;0.5;0.875;1;0.3;2290;1.0946;0.946634;1.01729;0;0.321433;0;0;0.524437;0.339346;0.513736;0.859124;iters//iter_freqdep_18_8_2017_214806_496931724
1.275;0.75;0.5;0.02;0.1;0.875;1;0.2;8992;1.07176;0.929155;1.00904;0.132996;0.999042;0.342363;0.130125;0.644817;0.183906;0.0001;0.927863;iters//iter_freqdep_18_8_2017_214747_503856842
1.275;0.75;0.1;0.02;0.5;0.875;1;0.2;121550;1.07055;0.927277;1.00173;0.541152;0.999944;0.629983;0.540034;0.695785;0.157153;0.00641624;0.98534;iters//iter_freqdep_18_8_2017_214751_128241426
1.275;0.75;1;0.02;0.99;0.875;1;0.4;1253;1.42714;1.23426;1.32638;0;0.206564;0;0;0.524438;0.339348;0.685657;1.12013;iters//iter_freqdep_18_8_2017_214823_831164032
1.275;0.75;0.1;0.02;0.3;0.875;1;0.5;112492;1.07228;0.92878;1.00335;0.541153;0.999944;0.629984;0.540034;0.695785;0.157154;0.00641046;0.986937;iters//iter_freqdep_18_8_2017_214826_421894220
1.275;0.75;1;0.02;0.99;0.875;1;0.5;1907;1.39846;1.20946;1.29973;0;0.261853;0;0;0.52444;0.339344;0.60289;1.09762;iters//iter_freqdep_18_8_2017_214834_967112745
1.275;0.75;1;0.02;0.1;0.875;1;0.8;11789;1.10763;0.957927;1.02942;0;0.66467;0;0;0.524461;0.339288;4.42286e-05;0.869347;iters//iter_freqdep_18_8_2017_214857_311797455
1.275;0.75;0.5;0.02;0.3;0.875;1;0.01;10121;1.07915;0.935561;1.016;0.132998;0.999037;0.342362;0.130125;0.644816;0.183907;0.0001;0.934261;iters//iter_freqdep_18_8_2017_214719_298284081
1.275;0.75;1;0.02;0.2;0.875;1;0.7;7733;1.10707;0.957446;1.0289;0;0.587949;0;0;0.524456;0.339303;0.114833;0.868909;iters//iter_freqdep_18_8_2017_214847_808211644
1.275;0.75;0.1;0.02;0.4;0.875;1;0.01;120088;1.07132;0.927947;1.00245;0.541152;0.999944;0.629983;0.540034;0.695785;0.157154;0.00641354;0.986052;iters//iter_freqdep_18_8_2017_214719_658655220
1.275;0.75;0.5;0.02;0.5;0.875;1;0.2;10790;1.07433;0.931376;1.01146;0.132996;0.999042;0.342363;0.130125;0.644817;0.183906;0.0001;0.930081;iters//iter_freqdep_18_8_2017_214752_13482218
1.275;0.75;0.1;0.02;0.3;0.875;1;0.2;115994;1.07071;0.92742;1.00188;0.541152;0.999944;0.629983;0.540034;0.695784;0.157153;0.00641936;0.985492;iters//iter_freqdep_18_8_2017_214748_878665875
1.275;0.75;0.1;0.02;0.01;0.875;1;0.5;81152;1.0716;0.928186;1.00271;0.541152;0.999944;0.629983;0.540034;0.695785;0.157153;0.00641462;0.986306;iters//iter_freqdep_18_8_2017_214823_946424739
1.275;0.75;0.1;0.02;0.99;0.875;1;0.2;122669;1.11136;0.962631;1.03992;0.54116;0.999945;0.629992;0.540031;0.695791;0.157166;0.00634156;1.02291;iters//iter_freqdep_18_8_2017_214756_967851712
1.275;0.75;0.5;0.02;0.4;0.875;1;0.9;4881;1.09554;0.949767;1.03143;0.133;0.999029;0.342362;0.130124;0.644816;0.18391;0.0001;0.948447;iters//iter_freqdep_18_8_2017_214909_619204572
1.275;0.75;1;0.02;0.1;0.875;1;0.5;6755;1.09252;0.944836;1.01535;0;0.569219;0;0;0.524424;0.33938;0.14267;0.857489;iters//iter_freqdep_18_8_2017_214825_505270428
1.275;0.75;0.5;0.02;0.99;0.875;1;0.4;9909;1.2453;1.07961;1.17243;0.132997;0.999042;0.342363;0.130125;0.644816;0.183907;0.0001;1.0781;iters//iter_freqdep_18_8_2017_214823_600531716
1.275;0.75;0.1;0.02;0.4;0.875;1;0.7;113428;1.07433;0.930551;1.00527;0.541153;0.999944;0.629984;0.540034;0.695785;0.157154;0.00640981;0.988819;iters//iter_freqdep_18_8_2017_214848_729312174
1.275;0.75;1;0.02;0.4;0.875;1;0.5;4364;1.10535;0.955966;1.02732;0;0.431379;0;0;0.524446;0.339327;0.349135;0.867564;iters//iter_freqdep_18_8_2017_214828_240283577
1.275;0.75;1;0.02;0.1;0.875;1;0.3;6826;1.08465;0.938029;1.00804;0;0.52275;0;0;0.524426;0.339373;0.212268;0.851312;iters//iter_freqdep_18_8_2017_214802_128859829
1.275;0.75;1;0.02;0.2;0.875;1;0.5;4862;1.09559;0.94749;1.01821;0;0.521577;0;0;0.524427;0.339372;0.214026;0.859898;iters//iter_freqdep_18_8_2017_214826_397617464
1.275;0.75;1;0.02;0.7;0.875;1;0.7;4799;1.1664;1.00876;1.08405;0;0.41419;0;0;0.524446;0.339329;0.374863;0.915475;iters//iter_freqdep_18_8_2017_214852_603206512
1.275;0.75;0.1;0.02;0.4;0.875;1;0.99;111046;1.07613;0.932112;1.00695;0.541153;0.999944;0.629984;0.540034;0.695786;0.157155;0.00640667;0.990478;iters//iter_freqdep_18_8_2017_214918_551547833
1.275;0.75;1;0.02;0.99;0.875;1;0.8;4658;1.34415;1.16248;1.24925;0;0.428151;0;0;0.524446;0.339329;0.353965;1.05499;iters//iter_freqdep_18_8_2017_214906_165414826
1.275;0.75;0.1;0.02;0.4;0.875;1;0.9;111399;1.07564;0.931688;1.00649;0.541153;0.999944;0.629984;0.540034;0.695786;0.157155;0.00640639;0.990028;iters//iter_freqdep_18_8_2017_214908_911850009
1.275;0.75;1;0.02;0.01;0.875;1;0.99;15730;1.11255;0.962182;1.03399;0;0.664697;0;0;0.524461;0.339289;2.70426e-06;0.873209;iters//iter_freqdep_18_8_2017_214916_243808635
1.275;0.75;0.1;0.02;0.6;0.875;1;0.9;116337;1.07869;0.934329;1.00935;0.541153;0.999944;0.629985;0.540034;0.695786;0.157156;0.00640212;0.992833;iters//iter_freqdep_18_8_2017_214910_706442949
1.275;0.75;1;0.02;0.6;0.875;1;0.7;5332;1.1452;0.990424;1.06435;0;0.44127;0;0;0.524447;0.339326;0.33433;0.898837;iters//iter_freqdep_18_8_2017_214851_551647626
1.275;0.75;1;0.02;0.6;0.875;1;0.8;6433;1.15342;0.997534;1.07199;0;0.489143;0;0;0.52445;0.339319;0.262687;0.905289;iters//iter_freqdep_18_8_2017_214901_805139706
1.275;0.75;0.5;0.02;0.7;0.875;1;0.5;10007;1.10652;0.959287;1.04177;0.133001;0.999027;0.342362;0.130124;0.644815;0.18391;0.0001;0.957954;iters//iter_freqdep_18_8_2017_214831_208836748
1.275;0.75;0.5;0.02;0.3;0.875;1;0.2;9838;1.07241;0.929713;1.00965;0.133;0.99903;0.342362;0.130125;0.644816;0.183909;0.0001;0.928421;iters//iter_freqdep_18_8_2017_214749_726194269
1.275;0.75;1;0.02;0.4;0.875;1;0.01;3096;1.10931;0.959353;1.03095;0;0.325778;0;0;0.524436;0.339347;0.50723;0.870666;iters//iter_freqdep_18_8_2017_214720_815555933
1.275;0.75;0.1;0.02;0.01;0.875;1;0.99;21984;1.07336;0.929715;1.00436;0.541153;0.999944;0.629984;0.540034;0.695785;0.157154;0.00641084;0.987931;iters//iter_freqdep_18_8_2017_214916_84945376
1.275;0.75;1;0.02;0.7;0.875;1;0.1;1005;1.09045;0.943039;1.01342;0;0.171735;0;0;0.524444;0.339328;0.737867;0.855863;iters//iter_freqdep_18_8_2017_214738_897968826
1.275;0.75;0.1;0.02;0.1;0.875;1;0.6;94863;1.07215;0.928662;1.00323;0.541152;0.999944;0.629983;0.540034;0.695785;0.157153;0.00641769;0.986812;iters//iter_freqdep_18_8_2017_214835_748779243
1.275;0.75;1;0.02;0.01;0.875;1;0.9;14928;1.10851;0.958686;1.03024;0;0.664679;0;0;0.524461;0.339289;2.94905e-05;0.870036;iters//iter_freqdep_18_8_2017_214906_564790571
1.275;0.75;0.5;0.02;0.5;0.875;1;0.4;9955;1.08349;0.939318;1.02008;0.132998;0.999037;0.342362;0.130125;0.644816;0.183907;0.0001;0.938012;iters//iter_freqdep_18_8_2017_214817_913944340
1.275;0.75;1;0.02;0.4;0.875;1;0.99;10228;1.13918;0.985213;1.05874;0;0.636865;0;0;0.524459;0.339295;0.0416409;0.89411;iters//iter_freqdep_18_8_2017_214919_304216442
1.275;0.75;1;0.02;0.8;0.875;1;0.6;3394;1.18923;1.02851;1.10527;0;0.340767;0;0;0.524443;0.339337;0.484762;0.933398;iters//iter_freqdep_18_8_2017_214843_189463621
1.275;0.75;1;0.02;0.99;0.875;1;0.2;817;0.601881;0.520551;0.559403;0;0.0963633;0;0;0.524419;0.339396;0.850603;0.472403;iters//iter_freqdep_18_8_2017_214758_256753401
1.275;0.75;0.1;0.02;0.3;0.875;1;0.3;115083;1.07109;0.927744;1.00223;0.541152;0.999944;0.629983;0.540034;0.695785;0.157153;0.00641472;0.985836;iters//iter_freqdep_18_8_2017_214803_229028171
1.275;0.75;0.5;0.02;0.9;0.875;1;0.1;12454;1.09955;0.953245;1.03521;0.132995;0.999046;0.342363;0.130125;0.644817;0.183905;0.0001;0.95192;iters//iter_freqdep_18_8_2017_214741_139065994
1.275;0.75;0.1;0.02;0.3;0.875;1;0.9;106928;1.07467;0.930847;1.00559;0.541153;0.999944;0.629984;0.540034;0.695786;0.157155;0.00640525;0.989134;iters//iter_freqdep_18_8_2017_214908_90872794
1.275;0.75;0.1;0.02;0.4;0.875;1;0.3;118335;1.07121;0.927855;1.00235;0.541152;0.999944;0.629983;0.540034;0.695784;0.157153;0.00641887;0.985954;iters//iter_freqdep_18_8_2017_214804_287034879
1.275;0.75;1;0.02;0.9;0.875;1;0.9;6190;1.25993;1.08965;1.17098;0;0.487859;0;0;0.524449;0.339321;0.264604;0.988889;iters//iter_freqdep_18_8_2017_214914_785328450
1.275;0.75;1;0.02;0.01;0.875;1;0.1;7785;1.0839;0.937384;1.00735;0;0.545793;0;0;0.524425;0.339377;0.177756;0.850726;iters//iter_freqdep_18_8_2017_214730_431377988
1.275;0.75;1;0.02;0.3;0.875;1;0.2;4313;1.08506;0.938381;1.00842;0;0.399744;0;0;0.524433;0.339355;0.396478;0.851633;iters//iter_freqdep_18_8_2017_214749_907056768
1.275;0.75;0.5;0.02;0.6;0.875;1;0.2;11223;1.07674;0.933468;1.01373;0.133001;0.999024;0.342361;0.130124;0.644815;0.183911;0.0001;0.932171;iters//iter_freqdep_18_8_2017_214753_195744869
1.275;0.75;0.5;0.02;0.4;0.875;1;0.4;9542;1.07911;0.935521;1.01596;0.132996;0.999045;0.342363;0.130125;0.644817;0.183905;0.0001;0.934221;iters//iter_freqdep_18_8_2017_214816_961778167
1.275;0.75;0.1;0.02;0.9;0.875;1;0.2;125023;1.08313;0.938174;1.0135;0.541155;0.999944;0.629986;0.540033;0.695787;0.157158;0.00638913;0.996919;iters//iter_freqdep_18_8_2017_214755_697693588
1.275;0.75;1;0.02;0.8;0.875;1;0.3;1299;1.13886;0.984944;1.05846;0;0.195254;0;0;0.524436;0.339354;0.702582;0.89386;iters//iter_freqdep_18_8_2017_214809_806765574
1.275;0.75;0.1;0.02;0.7;0.875;1;0.3;123545;1.07405;0.930309;1.005;0.541153;0.999944;0.629984;0.540034;0.695785;0.157154;0.00641078;0.988562;iters//iter_freqdep_18_8_2017_214807_601245338
1.275;0.75;1;0.02;0.2;0.875;1;0.01;5234;1.0975;0.949139;1.01998;0;0.436763;0;0;0.524432;0.339359;0.341046;0.861396;iters//iter_freqdep_18_8_2017_214718_191118770
1.275;0.75;0.1;0.02;0.5;0.875;1;0.9;114339;1.07694;0.932815;1.00771;0.541153;0.999944;0.629984;0.540034;0.695786;0.157155;0.00640684;0.991225;iters//iter_freqdep_18_8_2017_214909_794626817
1.275;0.75;1;0.02;0.6;0.875;1;0.9;7664;1.16064;1.00378;1.0787;0;0.538403;0;0;0.524452;0.339312;0.188968;0.910959;iters//iter_freqdep_18_8_2017_214911_577296450
1.275;0.75;1;0.02;0.01;0.875;1;0.6;7481;1.09469;0.946722;1.01738;0;0.640483;0;0;0.524418;0.339393;0.0359221;0.859199;iters//iter_freqdep_18_8_2017_214835_716438113
1.275;0.75;0.5;0.02;0.9;0.875;1;0.9;6702;1.16508;1.01006;1.0969;0.132996;0.999045;0.342363;0.130125;0.644817;0.183905;0.0001;1.00865;iters//iter_freqdep_18_8_2017_214914_633350428
1.275;0.75;1;0.02;0.3;0.875;1;0.9;9743;1.125;0.972954;1.04557;0;0.629039;0;0;0.524458;0.339296;0.0533499;0.882984;iters//iter_freqdep_18_8_2017_214908_828972475
1.275;0.75;0.5;0.02;0.5;0.875;1;0.01;11086;1.08132;0.937436;1.01804;0.132995;0.999047;0.342363;0.130125;0.644817;0.183904;0.0001;0.936133;iters//iter_freqdep_18_8_2017_214721_878311469
1.275;0.75;0.5;0.02;0.2;0.875;1;0.1;9581;1.07322;0.930414;1.01041;0.132997;0.99904;0.342363;0.130125;0.644817;0.183906;0.0001;0.929121;iters//iter_freqdep_18_8_2017_214732_558111778
1.275;0.75;1;0.02;0.3;0.875;1;0.5;4322;1.09972;0.951092;1.02208;0;0.475515;0;0;0.524449;0.33932;0.283083;0.863142;iters//iter_freqdep_18_8_2017_214827_324854469
1.275;0.75;0.5;0.02;0.99;0.875;1;0.7;8430;1.21479;1.05315;1.1437;0.132996;0.999047;0.342363;0.130125;0.644817;0.183905;0.0001;1.05168;iters//iter_freqdep_18_8_2017_214855_876397511
